inventory_id,extension,status,method,conversion_quality,raw_output_path_ignored,sanitized_note
SRC-000001,,not-convertible,metadata-only,not-applicable,,
SRC-000002,.xlsx,converted-redacted,office-open-xml,partial-text-extracted,.work/extracted/SRC-000002.txt,docs/00-source-notes/src-000002.md
SRC-000003,.pptx,converted-redacted,office-open-xml,partial-text-extracted,.work/extracted/SRC-000003.txt,docs/00-source-notes/src-000003.md
SRC-000004,.pptx,converted-redacted,office-open-xml,partial-text-extracted,.work/extracted/SRC-000004.txt,docs/00-source-notes/src-000004.md
SRC-000005,.docx,converted-redacted,office-open-xml,partial-text-extracted,.work/extracted/SRC-000005.txt,docs/00-source-notes/src-000005.md
SRC-000006,.xlsx,converted-redacted,office-open-xml,partial-text-extracted,.work/extracted/SRC-000006.txt,docs/00-source-notes/src-000006.md
SRC-000007,.pptx,converted-redacted,office-open-xml,partial-text-extracted,.work/extracted/SRC-000007.txt,docs/00-source-notes/src-000007.md
SRC-000008,.pdf,converted-redacted,pdf-byte-string-metadata,partial-text-extracted,.work/extracted/SRC-000008.txt,docs/00-source-notes/src-000008.md
SRC-000009,.xlsx,converted-redacted,office-open-xml,partial-text-extracted,.work/extracted/SRC-000009.txt,docs/00-source-notes/src-000009.md
SRC-000010,.docx,converted-redacted,office-open-xml,partial-text-extracted,.work/extracted/SRC-000010.txt,docs/00-source-notes/src-000010.md
SRC-000011,.pdf,converted-redacted,pdf-byte-string-metadata,partial-text-extracted,.work/extracted/SRC-000011.txt,docs/00-source-notes/src-000011.md
SRC-000012,.docx,converted-redacted,office-open-xml,partial-text-extracted,.work/extracted/SRC-000012.txt,docs/00-source-notes/src-000012.md
SRC-000013,.pptx,converted-redacted,office-open-xml,partial-text-extracted,.work/extracted/SRC-000013.txt,docs/00-source-notes/src-000013.md
SRC-000014,.xlsx,converted-redacted,office-open-xml,partial-text-extracted,.work/extracted/SRC-000014.txt,docs/00-source-notes/src-000014.md
SRC-000015,.docx,converted-redacted,office-open-xml,partial-text-extracted,.work/extracted/SRC-000015.txt,docs/00-source-notes/src-000015.md
SRC-000016,.pptx,converted-redacted,office-open-xml,partial-text-extracted,.work/extracted/SRC-000016.txt,docs/00-source-notes/src-000016.md
SRC-000017,.docx,converted-redacted,office-open-xml,partial-text-extracted,.work/extracted/SRC-000017.txt,docs/00-source-notes/src-000017.md
SRC-000018,.pdf,converted-redacted,pdf-byte-string-metadata,partial-text-extracted,.work/extracted/SRC-000018.txt,docs/00-source-notes/src-000018.md
SRC-000019,.pdf,converted-redacted,pdf-byte-string-metadata,partial-text-extracted,.work/extracted/SRC-000019.txt,docs/00-source-notes/src-000019.md
SRC-000020,.pdf,converted-redacted,pdf-byte-string-metadata,partial-text-extracted,.work/extracted/SRC-000020.txt,docs/00-source-notes/src-000020.md
SRC-000021,.pdf,converted-redacted,pdf-byte-string-metadata,partial-text-extracted,.work/extracted/SRC-000021.txt,docs/00-source-notes/src-000021.md
SRC-000022,.pdf,converted-redacted,pdf-byte-string-metadata,partial-text-extracted,.work/extracted/SRC-000022.txt,docs/00-source-notes/src-000022.md
SRC-000023,.png,not-convertible,metadata-only,not-applicable,,
SRC-000024,.png,not-convertible,metadata-only,not-applicable,,
SRC-000025,.xlsx,converted-redacted,office-open-xml,partial-text-extracted,.work/extracted/SRC-000025.txt,docs/00-source-notes/src-000025.md
SRC-000026,.xlsx,converted-redacted,office-open-xml,partial-text-extracted,.work/extracted/SRC-000026.txt,docs/00-source-notes/src-000026.md
SRC-000027,.pdf,converted-redacted,pdf-byte-string-metadata,partial-text-extracted,.work/extracted/SRC-000027.txt,docs/00-source-notes/src-000027.md
SRC-000028,.docx,converted-redacted,office-open-xml,partial-text-extracted,.work/extracted/SRC-000028.txt,docs/00-source-notes/src-000028.md
SRC-000029,.xlsx,converted-redacted,office-open-xml,partial-text-extracted,.work/extracted/SRC-000029.txt,docs/00-source-notes/src-000029.md
SRC-000030,.docx,converted-redacted,office-open-xml,partial-text-extracted,.work/extracted/SRC-000030.txt,docs/00-source-notes/src-000030.md
SRC-000031,.pptx,converted-redacted,office-open-xml,partial-text-extracted,.work/extracted/SRC-000031.txt,docs/00-source-notes/src-000031.md
SRC-000032,.pdf,converted-redacted,pdf-byte-string-metadata,partial-text-extracted,.work/extracted/SRC-000032.txt,docs/00-source-notes/src-000032.md
SRC-000033,.pdf,converted-redacted,pdf-byte-string-metadata,partial-text-extracted,.work/extracted/SRC-000033.txt,docs/00-source-notes/src-000033.md
SRC-000034,.pdf,converted-redacted,pdf-byte-string-metadata,partial-text-extracted,.work/extracted/SRC-000034.txt,docs/00-source-notes/src-000034.md
SRC-000035,.docx,converted-redacted,office-open-xml,partial-text-extracted,.work/extracted/SRC-000035.txt,docs/00-source-notes/src-000035.md
SRC-000036,.xlsx,converted-redacted,office-open-xml,partial-text-extracted,.work/extracted/SRC-000036.txt,docs/00-source-notes/src-000036.md
SRC-000037,.mp4,not-convertible,metadata-only,not-applicable,,
SRC-000038,.xlsx,converted-redacted,office-open-xml,partial-text-extracted,.work/extracted/SRC-000038.txt,docs/00-source-notes/src-000038.md
SRC-000039,.docx,converted-redacted,office-open-xml,partial-text-extracted,.work/extracted/SRC-000039.txt,docs/00-source-notes/src-000039.md
SRC-000040,.xlsx,converted-redacted,office-open-xml,partial-text-extracted,.work/extracted/SRC-000040.txt,docs/00-source-notes/src-000040.md
SRC-000041,.xlsx,converted-redacted,office-open-xml,partial-text-extracted,.work/extracted/SRC-000041.txt,docs/00-source-notes/src-000041.md
SRC-000042,.pptx,converted-redacted,office-open-xml,partial-text-extracted,.work/extracted/SRC-000042.txt,docs/00-source-notes/src-000042.md
SRC-000043,.pptx,converted-redacted,office-open-xml,partial-text-extracted,.work/extracted/SRC-000043.txt,docs/00-source-notes/src-000043.md
SRC-000044,.xlsx,converted-redacted,office-open-xml,partial-text-extracted,.work/extracted/SRC-000044.txt,docs/00-source-notes/src-000044.md
SRC-000045,.pdf,converted-redacted,pdf-byte-string-metadata,partial-text-extracted,.work/extracted/SRC-000045.txt,docs/00-source-notes/src-000045.md
SRC-000046,.pdf,converted-redacted,pdf-byte-string-metadata,partial-text-extracted,.work/extracted/SRC-000046.txt,docs/00-source-notes/src-000046.md
SRC-000047,.xlsx,converted-redacted,office-open-xml,partial-text-extracted,.work/extracted/SRC-000047.txt,docs/00-source-notes/src-000047.md
SRC-000048,.jpeg,not-convertible,metadata-only,not-applicable,,
SRC-000049,.jpeg,not-convertible,metadata-only,not-applicable,,
SRC-000050,,not-convertible,metadata-only,not-applicable,,
SRC-000051,.xlsx,converted-redacted,office-open-xml,partial-text-extracted,.work/extracted/SRC-000051.txt,docs/00-source-notes/src-000051.md
SRC-000052,.xlsx,converted-redacted,office-open-xml,partial-text-extracted,.work/extracted/SRC-000052.txt,docs/00-source-notes/src-000052.md
SRC-000053,.xlsx,converted-redacted,office-open-xml,partial-text-extracted,.work/extracted/SRC-000053.txt,docs/00-source-notes/src-000053.md
SRC-000054,.docx,converted-redacted,office-open-xml,partial-text-extracted,.work/extracted/SRC-000054.txt,docs/00-source-notes/src-000054.md
SRC-000055,.xlsx,converted-redacted,office-open-xml,partial-text-extracted,.work/extracted/SRC-000055.txt,docs/00-source-notes/src-000055.md
SRC-000056,.xlsx,converted-redacted,office-open-xml,partial-text-extracted,.work/extracted/SRC-000056.txt,docs/00-source-notes/src-000056.md
SRC-000057,.xlsx,converted-redacted,office-open-xml,partial-text-extracted,.work/extracted/SRC-000057.txt,docs/00-source-notes/src-000057.md
SRC-000058,.xlsx,converted-redacted,office-open-xml,partial-text-extracted,.work/extracted/SRC-000058.txt,docs/00-source-notes/src-000058.md
SRC-000059,.pdf,converted-redacted,pdf-byte-string-metadata,partial-text-extracted,.work/extracted/SRC-000059.txt,docs/00-source-notes/src-000059.md
SRC-000060,.docx,converted-redacted,office-open-xml,partial-text-extracted,.work/extracted/SRC-000060.txt,docs/00-source-notes/src-000060.md
SRC-000061,.docx,converted-redacted,office-open-xml,partial-text-extracted,.work/extracted/SRC-000061.txt,docs/00-source-notes/src-000061.md
SRC-000062,.docx,converted-redacted,office-open-xml,partial-text-extracted,.work/extracted/SRC-000062.txt,docs/00-source-notes/src-000062.md
SRC-000063,.docx,converted-redacted,office-open-xml,partial-text-extracted,.work/extracted/SRC-000063.txt,docs/00-source-notes/src-000063.md
SRC-000064,.docx,converted-redacted,office-open-xml,partial-text-extracted,.work/extracted/SRC-000064.txt,docs/00-source-notes/src-000064.md
SRC-000065,.docx,converted-redacted,office-open-xml,partial-text-extracted,.work/extracted/SRC-000065.txt,docs/00-source-notes/src-000065.md
SRC-000066,.docx,converted-redacted,office-open-xml,partial-text-extracted,.work/extracted/SRC-000066.txt,docs/00-source-notes/src-000066.md
SRC-000067,.docx,converted-redacted,office-open-xml,partial-text-extracted,.work/extracted/SRC-000067.txt,docs/00-source-notes/src-000067.md
SRC-000068,.docx,converted-redacted,office-open-xml,partial-text-extracted,.work/extracted/SRC-000068.txt,docs/00-source-notes/src-000068.md
SRC-000069,.docx,converted-redacted,office-open-xml,partial-text-extracted,.work/extracted/SRC-000069.txt,docs/00-source-notes/src-000069.md
SRC-000070,.xlsx,converted-redacted,office-open-xml,partial-text-extracted,.work/extracted/SRC-000070.txt,docs/00-source-notes/src-000070.md
SRC-000071,.xlsx,converted-redacted,office-open-xml,partial-text-extracted,.work/extracted/SRC-000071.txt,docs/00-source-notes/src-000071.md
SRC-000072,.pdf,converted-redacted,pdf-byte-string-metadata,partial-text-extracted,.work/extracted/SRC-000072.txt,docs/00-source-notes/src-000072.md
SRC-000073,.pdf,converted-redacted,pdf-byte-string-metadata,partial-text-extracted,.work/extracted/SRC-000073.txt,docs/00-source-notes/src-000073.md
SRC-000074,.docx,converted-redacted,office-open-xml,partial-text-extracted,.work/extracted/SRC-000074.txt,docs/00-source-notes/src-000074.md
SRC-000075,.docx,converted-redacted,office-open-xml,partial-text-extracted,.work/extracted/SRC-000075.txt,docs/00-source-notes/src-000075.md
SRC-000076,.xlsx,converted-redacted,office-open-xml,partial-text-extracted,.work/extracted/SRC-000076.txt,docs/00-source-notes/src-000076.md
SRC-000077,.xlsx,converted-redacted,office-open-xml,partial-text-extracted,.work/extracted/SRC-000077.txt,docs/00-source-notes/src-000077.md
SRC-000078,,not-convertible,metadata-only,not-applicable,,
SRC-000079,.xlsx,converted-redacted,office-open-xml,partial-text-extracted,.work/extracted/SRC-000079.txt,docs/00-source-notes/src-000079.md
SRC-000080,.xlsx,converted-redacted,office-open-xml,partial-text-extracted,.work/extracted/SRC-000080.txt,docs/00-source-notes/src-000080.md
SRC-000081,.pptx,converted-redacted,office-open-xml,partial-text-extracted,.work/extracted/SRC-000081.txt,docs/00-source-notes/src-000081.md
SRC-000082,.pptx,converted-redacted,office-open-xml,partial-text-extracted,.work/extracted/SRC-000082.txt,docs/00-source-notes/src-000082.md
SRC-000083,.docx,converted-redacted,office-open-xml,partial-text-extracted,.work/extracted/SRC-000083.txt,docs/00-source-notes/src-000083.md
SRC-000084,.xlsx,converted-redacted,office-open-xml,partial-text-extracted,.work/extracted/SRC-000084.txt,docs/00-source-notes/src-000084.md
SRC-000085,.pptx,converted-redacted,office-open-xml,partial-text-extracted,.work/extracted/SRC-000085.txt,docs/00-source-notes/src-000085.md
SRC-000086,.pdf,converted-redacted,pdf-byte-string-metadata,partial-text-extracted,.work/extracted/SRC-000086.txt,docs/00-source-notes/src-000086.md
SRC-000087,.xlsx,converted-redacted,office-open-xml,partial-text-extracted,.work/extracted/SRC-000087.txt,docs/00-source-notes/src-000087.md
SRC-000088,.docx,converted-redacted,office-open-xml,partial-text-extracted,.work/extracted/SRC-000088.txt,docs/00-source-notes/src-000088.md
SRC-000089,.pdf,converted-redacted,pdf-byte-string-metadata,partial-text-extracted,.work/extracted/SRC-000089.txt,docs/00-source-notes/src-000089.md
SRC-000090,.docx,converted-redacted,office-open-xml,partial-text-extracted,.work/extracted/SRC-000090.txt,docs/00-source-notes/src-000090.md
SRC-000091,.pptx,converted-redacted,office-open-xml,partial-text-extracted,.work/extracted/SRC-000091.txt,docs/00-source-notes/src-000091.md
SRC-000092,.xlsx,converted-redacted,office-open-xml,partial-text-extracted,.work/extracted/SRC-000092.txt,docs/00-source-notes/src-000092.md
SRC-000093,.docx,converted-redacted,office-open-xml,partial-text-extracted,.work/extracted/SRC-000093.txt,docs/00-source-notes/src-000093.md
SRC-000094,.pptx,converted-redacted,office-open-xml,partial-text-extracted,.work/extracted/SRC-000094.txt,docs/00-source-notes/src-000094.md
SRC-000095,.docx,converted-redacted,office-open-xml,partial-text-extracted,.work/extracted/SRC-000095.txt,docs/00-source-notes/src-000095.md
SRC-000096,.pdf,converted-redacted,pdf-byte-string-metadata,partial-text-extracted,.work/extracted/SRC-000096.txt,docs/00-source-notes/src-000096.md
SRC-000097,.pdf,converted-redacted,pdf-byte-string-metadata,partial-text-extracted,.work/extracted/SRC-000097.txt,docs/00-source-notes/src-000097.md
SRC-000098,.pdf,converted-redacted,pdf-byte-string-metadata,partial-text-extracted,.work/extracted/SRC-000098.txt,docs/00-source-notes/src-000098.md
SRC-000099,.pdf,converted-redacted,pdf-byte-string-metadata,partial-text-extracted,.work/extracted/SRC-000099.txt,docs/00-source-notes/src-000099.md
SRC-000100,.pdf,converted-redacted,pdf-byte-string-metadata,partial-text-extracted,.work/extracted/SRC-000100.txt,docs/00-source-notes/src-000100.md
SRC-000101,.png,not-convertible,metadata-only,not-applicable,,
SRC-000102,.png,not-convertible,metadata-only,not-applicable,,
SRC-000103,.xlsx,converted-redacted,office-open-xml,partial-text-extracted,.work/extracted/SRC-000103.txt,docs/00-source-notes/src-000103.md
SRC-000104,.xlsx,converted-redacted,office-open-xml,partial-text-extracted,.work/extracted/SRC-000104.txt,docs/00-source-notes/src-000104.md
SRC-000105,.pdf,converted-redacted,pdf-byte-string-metadata,partial-text-extracted,.work/extracted/SRC-000105.txt,docs/00-source-notes/src-000105.md
SRC-000106,.docx,converted-redacted,office-open-xml,partial-text-extracted,.work/extracted/SRC-000106.txt,docs/00-source-notes/src-000106.md
SRC-000107,.xlsx,converted-redacted,office-open-xml,partial-text-extracted,.work/extracted/SRC-000107.txt,docs/00-source-notes/src-000107.md
SRC-000108,.docx,converted-redacted,office-open-xml,partial-text-extracted,.work/extracted/SRC-000108.txt,docs/00-source-notes/src-000108.md
SRC-000109,.pptx,converted-redacted,office-open-xml,partial-text-extracted,.work/extracted/SRC-000109.txt,docs/00-source-notes/src-000109.md
SRC-000110,.pdf,converted-redacted,pdf-byte-string-metadata,partial-text-extracted,.work/extracted/SRC-000110.txt,docs/00-source-notes/src-000110.md
SRC-000111,.pdf,converted-redacted,pdf-byte-string-metadata,partial-text-extracted,.work/extracted/SRC-000111.txt,docs/00-source-notes/src-000111.md
SRC-000112,.pdf,converted-redacted,pdf-byte-string-metadata,partial-text-extracted,.work/extracted/SRC-000112.txt,docs/00-source-notes/src-000112.md
SRC-000113,.docx,converted-redacted,office-open-xml,partial-text-extracted,.work/extracted/SRC-000113.txt,docs/00-source-notes/src-000113.md
SRC-000114,.xlsx,converted-redacted,office-open-xml,partial-text-extracted,.work/extracted/SRC-000114.txt,docs/00-source-notes/src-000114.md
SRC-000115,.mp4,not-convertible,metadata-only,not-applicable,,
SRC-000116,.xlsx,converted-redacted,office-open-xml,partial-text-extracted,.work/extracted/SRC-000116.txt,docs/00-source-notes/src-000116.md
SRC-000117,.docx,converted-redacted,office-open-xml,partial-text-extracted,.work/extracted/SRC-000117.txt,docs/00-source-notes/src-000117.md
SRC-000118,.xlsx,converted-redacted,office-open-xml,partial-text-extracted,.work/extracted/SRC-000118.txt,docs/00-source-notes/src-000118.md
SRC-000119,.xlsx,converted-redacted,office-open-xml,partial-text-extracted,.work/extracted/SRC-000119.txt,docs/00-source-notes/src-000119.md
SRC-000120,.pptx,converted-redacted,office-open-xml,partial-text-extracted,.work/extracted/SRC-000120.txt,docs/00-source-notes/src-000120.md
SRC-000121,.pptx,converted-redacted,office-open-xml,partial-text-extracted,.work/extracted/SRC-000121.txt,docs/00-source-notes/src-000121.md
SRC-000122,.xlsx,converted-redacted,office-open-xml,partial-text-extracted,.work/extracted/SRC-000122.txt,docs/00-source-notes/src-000122.md
SRC-000123,.pdf,converted-redacted,pdf-byte-string-metadata,partial-text-extracted,.work/extracted/SRC-000123.txt,docs/00-source-notes/src-000123.md
SRC-000124,.pdf,converted-redacted,pdf-byte-string-metadata,partial-text-extracted,.work/extracted/SRC-000124.txt,docs/00-source-notes/src-000124.md
SRC-000125,.xlsx,converted-redacted,office-open-xml,partial-text-extracted,.work/extracted/SRC-000125.txt,docs/00-source-notes/src-000125.md
SRC-000126,.jpeg,not-convertible,metadata-only,not-applicable,,
SRC-000127,.jpeg,not-convertible,metadata-only,not-applicable,,
SRC-000128,.docx,converted-redacted,office-open-xml,partial-text-extracted,.work/extracted/SRC-000128.txt,docs/00-source-notes/src-000128.md
SRC-000129,.xlsx,converted-redacted,office-open-xml,partial-text-extracted,.work/extracted/SRC-000129.txt,docs/00-source-notes/src-000129.md
SRC-000130,.docx,converted-redacted,office-open-xml,partial-text-extracted,.work/extracted/SRC-000130.txt,docs/00-source-notes/src-000130.md
SRC-000131,.xlsx,converted-redacted,office-open-xml,partial-text-extracted,.work/extracted/SRC-000131.txt,docs/00-source-notes/src-000131.md
SRC-000132,.docx,converted-redacted,office-open-xml,partial-text-extracted,.work/extracted/SRC-000132.txt,docs/00-source-notes/src-000132.md
SRC-000133,.docx,converted-redacted,office-open-xml,partial-text-extracted,.work/extracted/SRC-000133.txt,docs/00-source-notes/src-000133.md
SRC-000134,.docx,converted-redacted,office-open-xml,partial-text-extracted,.work/extracted/SRC-000134.txt,docs/00-source-notes/src-000134.md
SRC-000135,.docx,converted-redacted,office-open-xml,partial-text-extracted,.work/extracted/SRC-000135.txt,docs/00-source-notes/src-000135.md
SRC-000136,.docx,converted-redacted,office-open-xml,partial-text-extracted,.work/extracted/SRC-000136.txt,docs/00-source-notes/src-000136.md
SRC-000137,.docx,converted-redacted,office-open-xml,partial-text-extracted,.work/extracted/SRC-000137.txt,docs/00-source-notes/src-000137.md
SRC-000138,.docx,converted-redacted,office-open-xml,partial-text-extracted,.work/extracted/SRC-000138.txt,docs/00-source-notes/src-000138.md
SRC-000139,.docx,converted-redacted,office-open-xml,partial-text-extracted,.work/extracted/SRC-000139.txt,docs/00-source-notes/src-000139.md
SRC-000140,.docx,converted-redacted,office-open-xml,partial-text-extracted,.work/extracted/SRC-000140.txt,docs/00-source-notes/src-000140.md
SRC-000141,.docx,converted-redacted,office-open-xml,partial-text-extracted,.work/extracted/SRC-000141.txt,docs/00-source-notes/src-000141.md
SRC-000142,.docx,converted-redacted,office-open-xml,partial-text-extracted,.work/extracted/SRC-000142.txt,docs/00-source-notes/src-000142.md
SRC-000143,.docx,converted-redacted,office-open-xml,partial-text-extracted,.work/extracted/SRC-000143.txt,docs/00-source-notes/src-000143.md
SRC-000144,.docx,converted-redacted,office-open-xml,partial-text-extracted,.work/extracted/SRC-000144.txt,docs/00-source-notes/src-000144.md
SRC-000145,.docx,converted-redacted,office-open-xml,partial-text-extracted,.work/extracted/SRC-000145.txt,docs/00-source-notes/src-000145.md
SRC-000146,.docx,converted-redacted,office-open-xml,partial-text-extracted,.work/extracted/SRC-000146.txt,docs/00-source-notes/src-000146.md
SRC-000147,.docx,converted-redacted,office-open-xml,partial-text-extracted,.work/extracted/SRC-000147.txt,docs/00-source-notes/src-000147.md
SRC-000148,.docx,converted-redacted,office-open-xml,partial-text-extracted,.work/extracted/SRC-000148.txt,docs/00-source-notes/src-000148.md
SRC-000149,.docx,converted-redacted,office-open-xml,partial-text-extracted,.work/extracted/SRC-000149.txt,docs/00-source-notes/src-000149.md
SRC-000150,.docx,converted-redacted,office-open-xml,partial-text-extracted,.work/extracted/SRC-000150.txt,docs/00-source-notes/src-000150.md
SRC-000151,.docx,converted-redacted,office-open-xml,partial-text-extracted,.work/extracted/SRC-000151.txt,docs/00-source-notes/src-000151.md
SRC-000152,.docx,converted-redacted,office-open-xml,partial-text-extracted,.work/extracted/SRC-000152.txt,docs/00-source-notes/src-000152.md
SRC-000153,.docx,converted-redacted,office-open-xml,partial-text-extracted,.work/extracted/SRC-000153.txt,docs/00-source-notes/src-000153.md
SRC-000154,.docx,converted-redacted,office-open-xml,partial-text-extracted,.work/extracted/SRC-000154.txt,docs/00-source-notes/src-000154.md
SRC-000155,.docx,converted-redacted,office-open-xml,partial-text-extracted,.work/extracted/SRC-000155.txt,docs/00-source-notes/src-000155.md
SRC-000156,.docx,converted-redacted,office-open-xml,partial-text-extracted,.work/extracted/SRC-000156.txt,docs/00-source-notes/src-000156.md
SRC-000157,.docx,converted-redacted,office-open-xml,partial-text-extracted,.work/extracted/SRC-000157.txt,docs/00-source-notes/src-000157.md
SRC-000158,.docx,converted-redacted,office-open-xml,partial-text-extracted,.work/extracted/SRC-000158.txt,docs/00-source-notes/src-000158.md
SRC-000159,.docx,converted-redacted,office-open-xml,partial-text-extracted,.work/extracted/SRC-000159.txt,docs/00-source-notes/src-000159.md
SRC-000160,.docx,converted-redacted,office-open-xml,partial-text-extracted,.work/extracted/SRC-000160.txt,docs/00-source-notes/src-000160.md
SRC-000161,.docx,converted-redacted,office-open-xml,partial-text-extracted,.work/extracted/SRC-000161.txt,docs/00-source-notes/src-000161.md
SRC-000162,.xlsx,converted-redacted,office-open-xml,partial-text-extracted,.work/extracted/SRC-000162.txt,docs/00-source-notes/src-000162.md
SRC-000163,.docx,converted-redacted,office-open-xml,partial-text-extracted,.work/extracted/SRC-000163.txt,docs/00-source-notes/src-000163.md
SRC-000164,.mp4,not-convertible,metadata-only,not-applicable,,
SRC-000165,,not-convertible,metadata-only,not-applicable,,
SRC-000166,,not-convertible,metadata-only,not-applicable,,
SRC-000167,.pdf,converted-redacted,pdf-byte-string-metadata,partial-text-extracted,.work/extracted/SRC-000167.txt,docs/00-source-notes/src-000167.md
SRC-000168,.pdf,converted-redacted,pdf-byte-string-metadata,partial-text-extracted,.work/extracted/SRC-000168.txt,docs/00-source-notes/src-000168.md
SRC-000169,,not-convertible,metadata-only,not-applicable,,
SRC-000170,.pdf,converted-redacted,pdf-byte-string-metadata,partial-text-extracted,.work/extracted/SRC-000170.txt,docs/00-source-notes/src-000170.md
SRC-000171,.xlsx,converted-redacted,office-open-xml,partial-text-extracted,.work/extracted/SRC-000171.txt,docs/00-source-notes/src-000171.md
SRC-000172,.xlsx,converted-redacted,office-open-xml,partial-text-extracted,.work/extracted/SRC-000172.txt,docs/00-source-notes/src-000172.md
SRC-000173,.xlsx,converted-redacted,office-open-xml,partial-text-extracted,.work/extracted/SRC-000173.txt,docs/00-source-notes/src-000173.md
SRC-000174,.xlsx,converted-redacted,office-open-xml,partial-text-extracted,.work/extracted/SRC-000174.txt,docs/00-source-notes/src-000174.md
SRC-000175,.pdf,converted-redacted,pdf-byte-string-metadata,partial-text-extracted,.work/extracted/SRC-000175.txt,docs/00-source-notes/src-000175.md
SRC-000176,,not-convertible,metadata-only,not-applicable,,
SRC-000177,.pdf,converted-redacted,pdf-byte-string-metadata,partial-text-extracted,.work/extracted/SRC-000177.txt,docs/00-source-notes/src-000177.md
SRC-000178,.pptx,converted-redacted,office-open-xml,partial-text-extracted,.work/extracted/SRC-000178.txt,docs/00-source-notes/src-000178.md
SRC-000179,,not-convertible,metadata-only,not-applicable,,
SRC-000180,.docx,converted-redacted,office-open-xml,partial-text-extracted,.work/extracted/SRC-000180.txt,docs/00-source-notes/src-000180.md
SRC-000181,,not-convertible,metadata-only,not-applicable,,
SRC-000182,.pdf,converted-redacted,pdf-byte-string-metadata,partial-text-extracted,.work/extracted/SRC-000182.txt,docs/00-source-notes/src-000182.md
SRC-000183,.pdf,converted-redacted,pdf-byte-string-metadata,partial-text-extracted,.work/extracted/SRC-000183.txt,docs/00-source-notes/src-000183.md
SRC-000184,.pptx,converted-redacted,office-open-xml,partial-text-extracted,.work/extracted/SRC-000184.txt,docs/00-source-notes/src-000184.md
SRC-000185,.pdf,converted-redacted,pdf-byte-string-metadata,partial-text-extracted,.work/extracted/SRC-000185.txt,docs/00-source-notes/src-000185.md
SRC-000186,.pdf,converted-redacted,pdf-byte-string-metadata,partial-text-extracted,.work/extracted/SRC-000186.txt,docs/00-source-notes/src-000186.md
SRC-000187,.pdf,converted-redacted,pdf-byte-string-metadata,partial-text-extracted,.work/extracted/SRC-000187.txt,docs/00-source-notes/src-000187.md
SRC-000188,.pdf,converted-redacted,pdf-byte-string-metadata,partial-text-extracted,.work/extracted/SRC-000188.txt,docs/00-source-notes/src-000188.md
SRC-000189,,not-convertible,metadata-only,not-applicable,,
SRC-000190,.xls,metadata-only,office-xml-failed:BadZipFile,no-text-extracted,.work/extracted/SRC-000190.txt,docs/00-source-notes/src-000190.md
SRC-000191,.docx,converted-redacted,office-open-xml,partial-text-extracted,.work/extracted/SRC-000191.txt,docs/00-source-notes/src-000191.md
SRC-000192,.pptx,converted-redacted,office-open-xml,partial-text-extracted,.work/extracted/SRC-000192.txt,docs/00-source-notes/src-000192.md
SRC-000193,.pptx,converted-redacted,office-open-xml,partial-text-extracted,.work/extracted/SRC-000193.txt,docs/00-source-notes/src-000193.md
SRC-000194,.pptx,converted-redacted,office-open-xml,partial-text-extracted,.work/extracted/SRC-000194.txt,docs/00-source-notes/src-000194.md
SRC-000195,.pdf,converted-redacted,pdf-byte-string-metadata,partial-text-extracted,.work/extracted/SRC-000195.txt,docs/00-source-notes/src-000195.md
SRC-000196,.pdf,converted-redacted,pdf-byte-string-metadata,partial-text-extracted,.work/extracted/SRC-000196.txt,docs/00-source-notes/src-000196.md
SRC-000197,.pdf,converted-redacted,pdf-byte-string-metadata,partial-text-extracted,.work/extracted/SRC-000197.txt,docs/00-source-notes/src-000197.md
SRC-000198,.pdf,converted-redacted,pdf-byte-string-metadata,partial-text-extracted,.work/extracted/SRC-000198.txt,docs/00-source-notes/src-000198.md
SRC-000199,.pdf,converted-redacted,pdf-byte-string-metadata,partial-text-extracted,.work/extracted/SRC-000199.txt,docs/00-source-notes/src-000199.md
SRC-000200,.pdf,converted-redacted,pdf-byte-string-metadata,partial-text-extracted,.work/extracted/SRC-000200.txt,docs/00-source-notes/src-000200.md
SRC-000201,.pptx,converted-redacted,office-open-xml,partial-text-extracted,.work/extracted/SRC-000201.txt,docs/00-source-notes/src-000201.md
SRC-000202,.pptx,converted-redacted,office-open-xml,partial-text-extracted,.work/extracted/SRC-000202.txt,docs/00-source-notes/src-000202.md
SRC-000203,.pdf,converted-redacted,pdf-byte-string-metadata,partial-text-extracted,.work/extracted/SRC-000203.txt,docs/00-source-notes/src-000203.md
SRC-000204,.pptx,converted-redacted,office-open-xml,partial-text-extracted,.work/extracted/SRC-000204.txt,docs/00-source-notes/src-000204.md
SRC-000205,.pdf,converted-redacted,pdf-byte-string-metadata,partial-text-extracted,.work/extracted/SRC-000205.txt,docs/00-source-notes/src-000205.md
SRC-000206,,not-convertible,metadata-only,not-applicable,,
SRC-000207,.pdf,converted-redacted,pdf-byte-string-metadata,partial-text-extracted,.work/extracted/SRC-000207.txt,docs/00-source-notes/src-000207.md
SRC-000208,.pdf,converted-redacted,pdf-byte-string-metadata,partial-text-extracted,.work/extracted/SRC-000208.txt,docs/00-source-notes/src-000208.md
SRC-000209,.pdf,converted-redacted,pdf-byte-string-metadata,partial-text-extracted,.work/extracted/SRC-000209.txt,docs/00-source-notes/src-000209.md
SRC-000210,.pdf,converted-redacted,pdf-byte-string-metadata,partial-text-extracted,.work/extracted/SRC-000210.txt,docs/00-source-notes/src-000210.md
SRC-000211,.pdf,converted-redacted,pdf-byte-string-metadata,partial-text-extracted,.work/extracted/SRC-000211.txt,docs/00-source-notes/src-000211.md
SRC-000212,.pdf,converted-redacted,pdf-byte-string-metadata,partial-text-extracted,.work/extracted/SRC-000212.txt,docs/00-source-notes/src-000212.md
SRC-000213,.pptx,converted-redacted,office-open-xml,partial-text-extracted,.work/extracted/SRC-000213.txt,docs/00-source-notes/src-000213.md
SRC-000214,.pptx,converted-redacted,office-open-xml,partial-text-extracted,.work/extracted/SRC-000214.txt,docs/00-source-notes/src-000214.md
SRC-000215,.pptx,converted-redacted,office-open-xml,partial-text-extracted,.work/extracted/SRC-000215.txt,docs/00-source-notes/src-000215.md
SRC-000216,.pdf,converted-redacted,pdf-byte-string-metadata,partial-text-extracted,.work/extracted/SRC-000216.txt,docs/00-source-notes/src-000216.md
SRC-000217,.pdf,converted-redacted,pdf-byte-string-metadata,partial-text-extracted,.work/extracted/SRC-000217.txt,docs/00-source-notes/src-000217.md
SRC-000218,,not-convertible,metadata-only,not-applicable,,
SRC-000219,.pdf,converted-redacted,pdf-byte-string-metadata,partial-text-extracted,.work/extracted/SRC-000219.txt,docs/00-source-notes/src-000219.md
SRC-000220,.pdf,converted-redacted,pdf-byte-string-metadata,partial-text-extracted,.work/extracted/SRC-000220.txt,docs/00-source-notes/src-000220.md
SRC-000221,.pdf,converted-redacted,pdf-byte-string-metadata,partial-text-extracted,.work/extracted/SRC-000221.txt,docs/00-source-notes/src-000221.md
SRC-000222,.pdf,converted-redacted,pdf-byte-string-metadata,partial-text-extracted,.work/extracted/SRC-000222.txt,docs/00-source-notes/src-000222.md
SRC-000223,.pdf,converted-redacted,pdf-byte-string-metadata,partial-text-extracted,.work/extracted/SRC-000223.txt,docs/00-source-notes/src-000223.md
SRC-000224,.pptx,converted-redacted,office-open-xml,partial-text-extracted,.work/extracted/SRC-000224.txt,docs/00-source-notes/src-000224.md
SRC-000225,.pptx,converted-redacted,office-open-xml,partial-text-extracted,.work/extracted/SRC-000225.txt,docs/00-source-notes/src-000225.md
SRC-000226,.pdf,converted-redacted,pdf-byte-string-metadata,partial-text-extracted,.work/extracted/SRC-000226.txt,docs/00-source-notes/src-000226.md
SRC-000227,.pdf,converted-redacted,pdf-byte-string-metadata,partial-text-extracted,.work/extracted/SRC-000227.txt,docs/00-source-notes/src-000227.md
SRC-000228,,not-convertible,metadata-only,not-applicable,,
SRC-000229,.pdf,converted-redacted,pdf-byte-string-metadata,partial-text-extracted,.work/extracted/SRC-000229.txt,docs/00-source-notes/src-000229.md
SRC-000230,.pdf,converted-redacted,pdf-byte-string-metadata,partial-text-extracted,.work/extracted/SRC-000230.txt,docs/00-source-notes/src-000230.md
SRC-000231,.pdf,converted-redacted,pdf-byte-string-metadata,partial-text-extracted,.work/extracted/SRC-000231.txt,docs/00-source-notes/src-000231.md
SRC-000232,.pdf,converted-redacted,pdf-byte-string-metadata,partial-text-extracted,.work/extracted/SRC-000232.txt,docs/00-source-notes/src-000232.md
SRC-000233,.pdf,converted-redacted,pdf-byte-string-metadata,partial-text-extracted,.work/extracted/SRC-000233.txt,docs/00-source-notes/src-000233.md
SRC-000234,.pdf,converted-redacted,pdf-byte-string-metadata,partial-text-extracted,.work/extracted/SRC-000234.txt,docs/00-source-notes/src-000234.md
SRC-000235,.pptx,converted-redacted,office-open-xml,partial-text-extracted,.work/extracted/SRC-000235.txt,docs/00-source-notes/src-000235.md
SRC-000236,.pptx,converted-redacted,office-open-xml,partial-text-extracted,.work/extracted/SRC-000236.txt,docs/00-source-notes/src-000236.md
SRC-000237,.pdf,converted-redacted,pdf-byte-string-metadata,partial-text-extracted,.work/extracted/SRC-000237.txt,docs/00-source-notes/src-000237.md
SRC-000238,.pdf,converted-redacted,pdf-byte-string-metadata,partial-text-extracted,.work/extracted/SRC-000238.txt,docs/00-source-notes/src-000238.md
SRC-000239,.pdf,converted-redacted,pdf-byte-string-metadata,partial-text-extracted,.work/extracted/SRC-000239.txt,docs/00-source-notes/src-000239.md
SRC-000240,.pdf,converted-redacted,pdf-byte-string-metadata,partial-text-extracted,.work/extracted/SRC-000240.txt,docs/00-source-notes/src-000240.md
SRC-000241,.pdf,converted-redacted,pdf-byte-string-metadata,partial-text-extracted,.work/extracted/SRC-000241.txt,docs/00-source-notes/src-000241.md
SRC-000242,.pptx,converted-redacted,office-open-xml,partial-text-extracted,.work/extracted/SRC-000242.txt,docs/00-source-notes/src-000242.md
SRC-000243,,not-convertible,metadata-only,not-applicable,,
SRC-000244,.pdf,converted-redacted,pdf-byte-string-metadata,partial-text-extracted,.work/extracted/SRC-000244.txt,docs/00-source-notes/src-000244.md
SRC-000245,.pdf,converted-redacted,pdf-byte-string-metadata,partial-text-extracted,.work/extracted/SRC-000245.txt,docs/00-source-notes/src-000245.md
SRC-000246,.pdf,converted-redacted,pdf-byte-string-metadata,partial-text-extracted,.work/extracted/SRC-000246.txt,docs/00-source-notes/src-000246.md
SRC-000247,.pdf,converted-redacted,pdf-byte-string-metadata,partial-text-extracted,.work/extracted/SRC-000247.txt,docs/00-source-notes/src-000247.md
SRC-000248,.pdf,converted-redacted,pdf-byte-string-metadata,partial-text-extracted,.work/extracted/SRC-000248.txt,docs/00-source-notes/src-000248.md
SRC-000249,.pptx,converted-redacted,office-open-xml,partial-text-extracted,.work/extracted/SRC-000249.txt,docs/00-source-notes/src-000249.md
SRC-000250,,not-convertible,metadata-only,not-applicable,,
SRC-000251,.pdf,converted-redacted,pdf-byte-string-metadata,partial-text-extracted,.work/extracted/SRC-000251.txt,docs/00-source-notes/src-000251.md
SRC-000252,.pdf,converted-redacted,pdf-byte-string-metadata,partial-text-extracted,.work/extracted/SRC-000252.txt,docs/00-source-notes/src-000252.md
SRC-000253,.pdf,converted-redacted,pdf-byte-string-metadata,partial-text-extracted,.work/extracted/SRC-000253.txt,docs/00-source-notes/src-000253.md
SRC-000254,.docx,converted-redacted,office-open-xml,partial-text-extracted,.work/extracted/SRC-000254.txt,docs/00-source-notes/src-000254.md
SRC-000255,.docx,converted-redacted,office-open-xml,partial-text-extracted,.work/extracted/SRC-000255.txt,docs/00-source-notes/src-000255.md
SRC-000256,.docx,converted-redacted,office-open-xml,partial-text-extracted,.work/extracted/SRC-000256.txt,docs/00-source-notes/src-000256.md
SRC-000257,.docx,skipped-temporary-file,metadata-only,not-applicable,,docs/00-source-notes/src-000257.md
SRC-000258,,not-convertible,metadata-only,not-applicable,,
SRC-000259,.pdf,converted-redacted,pdf-byte-string-metadata,partial-text-extracted,.work/extracted/SRC-000259.txt,docs/00-source-notes/src-000259.md
SRC-000260,.pdf,converted-redacted,pdf-byte-string-metadata,partial-text-extracted,.work/extracted/SRC-000260.txt,docs/00-source-notes/src-000260.md
SRC-000261,.pdf,converted-redacted,pdf-byte-string-metadata,partial-text-extracted,.work/extracted/SRC-000261.txt,docs/00-source-notes/src-000261.md
SRC-000262,.pdf,converted-redacted,pdf-byte-string-metadata,partial-text-extracted,.work/extracted/SRC-000262.txt,docs/00-source-notes/src-000262.md
SRC-000263,.pdf,converted-redacted,pdf-byte-string-metadata,partial-text-extracted,.work/extracted/SRC-000263.txt,docs/00-source-notes/src-000263.md
SRC-000264,.pptx,converted-redacted,office-open-xml,partial-text-extracted,.work/extracted/SRC-000264.txt,docs/00-source-notes/src-000264.md
SRC-000265,,not-convertible,metadata-only,not-applicable,,
SRC-000266,.pdf,converted-redacted,pdf-byte-string-metadata,partial-text-extracted,.work/extracted/SRC-000266.txt,docs/00-source-notes/src-000266.md
SRC-000267,.pdf,converted-redacted,pdf-byte-string-metadata,partial-text-extracted,.work/extracted/SRC-000267.txt,docs/00-source-notes/src-000267.md
SRC-000268,.pdf,converted-redacted,pdf-byte-string-metadata,partial-text-extracted,.work/extracted/SRC-000268.txt,docs/00-source-notes/src-000268.md
SRC-000269,.pdf,converted-redacted,pdf-byte-string-metadata,partial-text-extracted,.work/extracted/SRC-000269.txt,docs/00-source-notes/src-000269.md
SRC-000270,.pdf,converted-redacted,pdf-byte-string-metadata,partial-text-extracted,.work/extracted/SRC-000270.txt,docs/00-source-notes/src-000270.md
SRC-000271,.pptx,converted-redacted,office-open-xml,partial-text-extracted,.work/extracted/SRC-000271.txt,docs/00-source-notes/src-000271.md
SRC-000272,.pdf,converted-redacted,pdf-byte-string-metadata,partial-text-extracted,.work/extracted/SRC-000272.txt,docs/00-source-notes/src-000272.md
SRC-000273,.pdf,converted-redacted,pdf-byte-string-metadata,partial-text-extracted,.work/extracted/SRC-000273.txt,docs/00-source-notes/src-000273.md
SRC-000274,.pdf,converted-redacted,pdf-byte-string-metadata,partial-text-extracted,.work/extracted/SRC-000274.txt,docs/00-source-notes/src-000274.md
SRC-000275,.pdf,converted-redacted,pdf-byte-string-metadata,partial-text-extracted,.work/extracted/SRC-000275.txt,docs/00-source-notes/src-000275.md
SRC-000276,.pdf,converted-redacted,pdf-byte-string-metadata,partial-text-extracted,.work/extracted/SRC-000276.txt,docs/00-source-notes/src-000276.md
SRC-000277,.pdf,converted-redacted,pdf-byte-string-metadata,partial-text-extracted,.work/extracted/SRC-000277.txt,docs/00-source-notes/src-000277.md
SRC-000278,.pdf,converted-redacted,pdf-byte-string-metadata,partial-text-extracted,.work/extracted/SRC-000278.txt,docs/00-source-notes/src-000278.md
SRC-000279,,not-convertible,metadata-only,not-applicable,,
SRC-000280,.pdf,converted-redacted,pdf-byte-string-metadata,partial-text-extracted,.work/extracted/SRC-000280.txt,docs/00-source-notes/src-000280.md
SRC-000281,.pdf,converted-redacted,pdf-byte-string-metadata,partial-text-extracted,.work/extracted/SRC-000281.txt,docs/00-source-notes/src-000281.md
SRC-000282,.pdf,converted-redacted,pdf-byte-string-metadata,partial-text-extracted,.work/extracted/SRC-000282.txt,docs/00-source-notes/src-000282.md
SRC-000283,.pptx,converted-redacted,office-open-xml,partial-text-extracted,.work/extracted/SRC-000283.txt,docs/00-source-notes/src-000283.md
SRC-000284,.pdf,converted-redacted,pdf-byte-string-metadata,partial-text-extracted,.work/extracted/SRC-000284.txt,docs/00-source-notes/src-000284.md
SRC-000285,.pptx,converted-redacted,office-open-xml,partial-text-extracted,.work/extracted/SRC-000285.txt,docs/00-source-notes/src-000285.md
SRC-000286,,not-convertible,metadata-only,not-applicable,,
SRC-000287,.pdf,converted-redacted,pdf-byte-string-metadata,partial-text-extracted,.work/extracted/SRC-000287.txt,docs/00-source-notes/src-000287.md
SRC-000288,.pdf,converted-redacted,pdf-byte-string-metadata,partial-text-extracted,.work/extracted/SRC-000288.txt,docs/00-source-notes/src-000288.md
SRC-000289,.pdf,converted-redacted,pdf-byte-string-metadata,partial-text-extracted,.work/extracted/SRC-000289.txt,docs/00-source-notes/src-000289.md
SRC-000290,.pdf,converted-redacted,pdf-byte-string-metadata,partial-text-extracted,.work/extracted/SRC-000290.txt,docs/00-source-notes/src-000290.md
SRC-000291,.pdf,converted-redacted,pdf-byte-string-metadata,partial-text-extracted,.work/extracted/SRC-000291.txt,docs/00-source-notes/src-000291.md
SRC-000292,.docx,converted-redacted,office-open-xml,partial-text-extracted,.work/extracted/SRC-000292.txt,docs/00-source-notes/src-000292.md
SRC-000293,.xlsx,converted-redacted,office-open-xml,partial-text-extracted,.work/extracted/SRC-000293.txt,docs/00-source-notes/src-000293.md
SRC-000294,.xlsx,converted-redacted,office-open-xml,partial-text-extracted,.work/extracted/SRC-000294.txt,docs/00-source-notes/src-000294.md
SRC-000295,.docx,converted-redacted,office-open-xml,partial-text-extracted,.work/extracted/SRC-000295.txt,docs/00-source-notes/src-000295.md
SRC-000296,.pptx,converted-redacted,office-open-xml,partial-text-extracted,.work/extracted/SRC-000296.txt,docs/00-source-notes/src-000296.md
SRC-000297,.pdf,converted-redacted,pdf-byte-string-metadata,partial-text-extracted,.work/extracted/SRC-000297.txt,docs/00-source-notes/src-000297.md
SRC-000298,.m4a,not-convertible,metadata-only,not-applicable,,
SRC-000299,.pptx,skipped-temporary-file,metadata-only,not-applicable,,docs/00-source-notes/src-000299.md
SRC-000300,.pptx,skipped-temporary-file,metadata-only,not-applicable,,docs/00-source-notes/src-000300.md
SRC-000301,.xlsx,converted-redacted,office-open-xml,partial-text-extracted,.work/extracted/SRC-000301.txt,docs/00-source-notes/src-000301.md
SRC-000302,.docx,converted-redacted,office-open-xml,partial-text-extracted,.work/extracted/SRC-000302.txt,docs/00-source-notes/src-000302.md
SRC-000303,.xlsx,converted-redacted,office-open-xml,partial-text-extracted,.work/extracted/SRC-000303.txt,docs/00-source-notes/src-000303.md
SRC-000304,.xlsx,converted-redacted,office-open-xml,partial-text-extracted,.work/extracted/SRC-000304.txt,docs/00-source-notes/src-000304.md
SRC-000305,.xlsx,converted-redacted,office-open-xml,partial-text-extracted,.work/extracted/SRC-000305.txt,docs/00-source-notes/src-000305.md
SRC-000306,.docx,converted-redacted,office-open-xml,partial-text-extracted,.work/extracted/SRC-000306.txt,docs/00-source-notes/src-000306.md
SRC-000307,.xlsx,converted-redacted,office-open-xml,partial-text-extracted,.work/extracted/SRC-000307.txt,docs/00-source-notes/src-000307.md
SRC-000308,.xlsx,converted-redacted,office-open-xml,partial-text-extracted,.work/extracted/SRC-000308.txt,docs/00-source-notes/src-000308.md
SRC-000309,.xlsx,converted-redacted,office-open-xml,partial-text-extracted,.work/extracted/SRC-000309.txt,docs/00-source-notes/src-000309.md
SRC-000310,.xlsx,converted-redacted,office-open-xml,partial-text-extracted,.work/extracted/SRC-000310.txt,docs/00-source-notes/src-000310.md
SRC-000311,.pdf,converted-redacted,pdf-byte-string-metadata,partial-text-extracted,.work/extracted/SRC-000311.txt,docs/00-source-notes/src-000311.md
SRC-000312,.docx,converted-redacted,office-open-xml,partial-text-extracted,.work/extracted/SRC-000312.txt,docs/00-source-notes/src-000312.md
SRC-000313,.docx,converted-redacted,office-open-xml,partial-text-extracted,.work/extracted/SRC-000313.txt,docs/00-source-notes/src-000313.md
SRC-000314,.docx,converted-redacted,office-open-xml,partial-text-extracted,.work/extracted/SRC-000314.txt,docs/00-source-notes/src-000314.md
SRC-000315,.docx,converted-redacted,office-open-xml,partial-text-extracted,.work/extracted/SRC-000315.txt,docs/00-source-notes/src-000315.md
SRC-000316,.docx,converted-redacted,office-open-xml,partial-text-extracted,.work/extracted/SRC-000316.txt,docs/00-source-notes/src-000316.md
SRC-000317,.docx,converted-redacted,office-open-xml,partial-text-extracted,.work/extracted/SRC-000317.txt,docs/00-source-notes/src-000317.md
SRC-000318,.docx,converted-redacted,office-open-xml,partial-text-extracted,.work/extracted/SRC-000318.txt,docs/00-source-notes/src-000318.md
SRC-000319,.docx,converted-redacted,office-open-xml,partial-text-extracted,.work/extracted/SRC-000319.txt,docs/00-source-notes/src-000319.md
SRC-000320,.docx,converted-redacted,office-open-xml,partial-text-extracted,.work/extracted/SRC-000320.txt,docs/00-source-notes/src-000320.md
SRC-000321,.docx,converted-redacted,office-open-xml,partial-text-extracted,.work/extracted/SRC-000321.txt,docs/00-source-notes/src-000321.md
SRC-000322,.xlsx,converted-redacted,office-open-xml,partial-text-extracted,.work/extracted/SRC-000322.txt,docs/00-source-notes/src-000322.md
SRC-000323,.xlsx,converted-redacted,office-open-xml,partial-text-extracted,.work/extracted/SRC-000323.txt,docs/00-source-notes/src-000323.md
SRC-000324,.pdf,converted-redacted,pdf-byte-string-metadata,partial-text-extracted,.work/extracted/SRC-000324.txt,docs/00-source-notes/src-000324.md
SRC-000325,.pdf,converted-redacted,pdf-byte-string-metadata,partial-text-extracted,.work/extracted/SRC-000325.txt,docs/00-source-notes/src-000325.md
SRC-000326,.docx,converted-redacted,office-open-xml,partial-text-extracted,.work/extracted/SRC-000326.txt,docs/00-source-notes/src-000326.md
SRC-000327,.docx,converted-redacted,office-open-xml,partial-text-extracted,.work/extracted/SRC-000327.txt,docs/00-source-notes/src-000327.md
SRC-000328,.xlsx,converted-redacted,office-open-xml,partial-text-extracted,.work/extracted/SRC-000328.txt,docs/00-source-notes/src-000328.md
SRC-000329,.xlsx,converted-redacted,office-open-xml,partial-text-extracted,.work/extracted/SRC-000329.txt,docs/00-source-notes/src-000329.md
SRC-000330,.xlsx,converted-redacted,office-open-xml,partial-text-extracted,.work/extracted/SRC-000330.txt,docs/00-source-notes/src-000330.md
SRC-000331,.xlsx,converted-redacted,office-open-xml,partial-text-extracted,.work/extracted/SRC-000331.txt,docs/00-source-notes/src-000331.md
SRC-000332,.pptx,converted-redacted,office-open-xml,partial-text-extracted,.work/extracted/SRC-000332.txt,docs/00-source-notes/src-000332.md
SRC-000333,.pptx,converted-redacted,office-open-xml,partial-text-extracted,.work/extracted/SRC-000333.txt,docs/00-source-notes/src-000333.md
SRC-000334,.docx,converted-redacted,office-open-xml,partial-text-extracted,.work/extracted/SRC-000334.txt,docs/00-source-notes/src-000334.md
SRC-000335,.xlsx,converted-redacted,office-open-xml,partial-text-extracted,.work/extracted/SRC-000335.txt,docs/00-source-notes/src-000335.md
SRC-000336,.pptx,converted-redacted,office-open-xml,partial-text-extracted,.work/extracted/SRC-000336.txt,docs/00-source-notes/src-000336.md
SRC-000337,.pdf,converted-redacted,pdf-byte-string-metadata,partial-text-extracted,.work/extracted/SRC-000337.txt,docs/00-source-notes/src-000337.md
SRC-000338,.xlsx,converted-redacted,office-open-xml,partial-text-extracted,.work/extracted/SRC-000338.txt,docs/00-source-notes/src-000338.md
SRC-000339,.docx,converted-redacted,office-open-xml,partial-text-extracted,.work/extracted/SRC-000339.txt,docs/00-source-notes/src-000339.md
SRC-000340,.pdf,converted-redacted,pdf-byte-string-metadata,partial-text-extracted,.work/extracted/SRC-000340.txt,docs/00-source-notes/src-000340.md
SRC-000341,.docx,converted-redacted,office-open-xml,partial-text-extracted,.work/extracted/SRC-000341.txt,docs/00-source-notes/src-000341.md
SRC-000342,.pptx,converted-redacted,office-open-xml,partial-text-extracted,.work/extracted/SRC-000342.txt,docs/00-source-notes/src-000342.md
SRC-000343,.xlsx,converted-redacted,office-open-xml,partial-text-extracted,.work/extracted/SRC-000343.txt,docs/00-source-notes/src-000343.md
SRC-000344,.docx,converted-redacted,office-open-xml,partial-text-extracted,.work/extracted/SRC-000344.txt,docs/00-source-notes/src-000344.md
SRC-000345,.pptx,converted-redacted,office-open-xml,partial-text-extracted,.work/extracted/SRC-000345.txt,docs/00-source-notes/src-000345.md
SRC-000346,.docx,converted-redacted,office-open-xml,partial-text-extracted,.work/extracted/SRC-000346.txt,docs/00-source-notes/src-000346.md
SRC-000347,.pdf,converted-redacted,pdf-byte-string-metadata,partial-text-extracted,.work/extracted/SRC-000347.txt,docs/00-source-notes/src-000347.md
SRC-000348,.pdf,converted-redacted,pdf-byte-string-metadata,partial-text-extracted,.work/extracted/SRC-000348.txt,docs/00-source-notes/src-000348.md
SRC-000349,.pdf,converted-redacted,pdf-byte-string-metadata,partial-text-extracted,.work/extracted/SRC-000349.txt,docs/00-source-notes/src-000349.md
SRC-000350,.pdf,converted-redacted,pdf-byte-string-metadata,partial-text-extracted,.work/extracted/SRC-000350.txt,docs/00-source-notes/src-000350.md
SRC-000351,.pdf,converted-redacted,pdf-byte-string-metadata,partial-text-extracted,.work/extracted/SRC-000351.txt,docs/00-source-notes/src-000351.md
SRC-000352,.png,not-convertible,metadata-only,not-applicable,,
SRC-000353,.png,not-convertible,metadata-only,not-applicable,,
SRC-000354,.xlsx,converted-redacted,office-open-xml,partial-text-extracted,.work/extracted/SRC-000354.txt,docs/00-source-notes/src-000354.md
SRC-000355,.xlsx,converted-redacted,office-open-xml,partial-text-extracted,.work/extracted/SRC-000355.txt,docs/00-source-notes/src-000355.md
SRC-000356,.pdf,converted-redacted,pdf-byte-string-metadata,partial-text-extracted,.work/extracted/SRC-000356.txt,docs/00-source-notes/src-000356.md
SRC-000357,.docx,converted-redacted,office-open-xml,partial-text-extracted,.work/extracted/SRC-000357.txt,docs/00-source-notes/src-000357.md
SRC-000358,.xlsx,converted-redacted,office-open-xml,partial-text-extracted,.work/extracted/SRC-000358.txt,docs/00-source-notes/src-000358.md
SRC-000359,.docx,converted-redacted,office-open-xml,partial-text-extracted,.work/extracted/SRC-000359.txt,docs/00-source-notes/src-000359.md
SRC-000360,.pptx,converted-redacted,office-open-xml,partial-text-extracted,.work/extracted/SRC-000360.txt,docs/00-source-notes/src-000360.md
SRC-000361,.pdf,converted-redacted,pdf-byte-string-metadata,partial-text-extracted,.work/extracted/SRC-000361.txt,docs/00-source-notes/src-000361.md
SRC-000362,.pdf,converted-redacted,pdf-byte-string-metadata,partial-text-extracted,.work/extracted/SRC-000362.txt,docs/00-source-notes/src-000362.md
SRC-000363,.pdf,converted-redacted,pdf-byte-string-metadata,partial-text-extracted,.work/extracted/SRC-000363.txt,docs/00-source-notes/src-000363.md
SRC-000364,.docx,converted-redacted,office-open-xml,partial-text-extracted,.work/extracted/SRC-000364.txt,docs/00-source-notes/src-000364.md
SRC-000365,.xlsx,converted-redacted,office-open-xml,partial-text-extracted,.work/extracted/SRC-000365.txt,docs/00-source-notes/src-000365.md
SRC-000366,.mp4,not-convertible,metadata-only,not-applicable,,
SRC-000367,.xlsx,converted-redacted,office-open-xml,partial-text-extracted,.work/extracted/SRC-000367.txt,docs/00-source-notes/src-000367.md
SRC-000368,.docx,converted-redacted,office-open-xml,partial-text-extracted,.work/extracted/SRC-000368.txt,docs/00-source-notes/src-000368.md
SRC-000369,.xlsx,converted-redacted,office-open-xml,partial-text-extracted,.work/extracted/SRC-000369.txt,docs/00-source-notes/src-000369.md
SRC-000370,.xlsx,converted-redacted,office-open-xml,partial-text-extracted,.work/extracted/SRC-000370.txt,docs/00-source-notes/src-000370.md
SRC-000371,.pptx,converted-redacted,office-open-xml,partial-text-extracted,.work/extracted/SRC-000371.txt,docs/00-source-notes/src-000371.md
SRC-000372,.pptx,converted-redacted,office-open-xml,partial-text-extracted,.work/extracted/SRC-000372.txt,docs/00-source-notes/src-000372.md
SRC-000373,.xlsx,converted-redacted,office-open-xml,partial-text-extracted,.work/extracted/SRC-000373.txt,docs/00-source-notes/src-000373.md
SRC-000374,.pdf,converted-redacted,pdf-byte-string-metadata,partial-text-extracted,.work/extracted/SRC-000374.txt,docs/00-source-notes/src-000374.md
SRC-000375,.pdf,converted-redacted,pdf-byte-string-metadata,partial-text-extracted,.work/extracted/SRC-000375.txt,docs/00-source-notes/src-000375.md
SRC-000376,.xlsx,converted-redacted,office-open-xml,partial-text-extracted,.work/extracted/SRC-000376.txt,docs/00-source-notes/src-000376.md
SRC-000377,.jpeg,not-convertible,metadata-only,not-applicable,,
SRC-000378,.jpeg,not-convertible,metadata-only,not-applicable,,
SRC-000379,.docx,converted-redacted,office-open-xml,partial-text-extracted,.work/extracted/SRC-000379.txt,docs/00-source-notes/src-000379.md
SRC-000380,.xlsx,converted-redacted,office-open-xml,partial-text-extracted,.work/extracted/SRC-000380.txt,docs/00-source-notes/src-000380.md
SRC-000381,.docx,converted-redacted,office-open-xml,partial-text-extracted,.work/extracted/SRC-000381.txt,docs/00-source-notes/src-000381.md
SRC-000382,.xlsx,converted-redacted,office-open-xml,partial-text-extracted,.work/extracted/SRC-000382.txt,docs/00-source-notes/src-000382.md
SRC-000383,.docx,converted-redacted,office-open-xml,partial-text-extracted,.work/extracted/SRC-000383.txt,docs/00-source-notes/src-000383.md
SRC-000384,.docx,converted-redacted,office-open-xml,partial-text-extracted,.work/extracted/SRC-000384.txt,docs/00-source-notes/src-000384.md
SRC-000385,.docx,converted-redacted,office-open-xml,partial-text-extracted,.work/extracted/SRC-000385.txt,docs/00-source-notes/src-000385.md
SRC-000386,.docx,converted-redacted,office-open-xml,partial-text-extracted,.work/extracted/SRC-000386.txt,docs/00-source-notes/src-000386.md
SRC-000387,.docx,converted-redacted,office-open-xml,partial-text-extracted,.work/extracted/SRC-000387.txt,docs/00-source-notes/src-000387.md
SRC-000388,.docx,converted-redacted,office-open-xml,partial-text-extracted,.work/extracted/SRC-000388.txt,docs/00-source-notes/src-000388.md
SRC-000389,.docx,converted-redacted,office-open-xml,partial-text-extracted,.work/extracted/SRC-000389.txt,docs/00-source-notes/src-000389.md
SRC-000390,.docx,converted-redacted,office-open-xml,partial-text-extracted,.work/extracted/SRC-000390.txt,docs/00-source-notes/src-000390.md
SRC-000391,.docx,converted-redacted,office-open-xml,partial-text-extracted,.work/extracted/SRC-000391.txt,docs/00-source-notes/src-000391.md
SRC-000392,.docx,converted-redacted,office-open-xml,partial-text-extracted,.work/extracted/SRC-000392.txt,docs/00-source-notes/src-000392.md
SRC-000393,.docx,converted-redacted,office-open-xml,partial-text-extracted,.work/extracted/SRC-000393.txt,docs/00-source-notes/src-000393.md
SRC-000394,.docx,converted-redacted,office-open-xml,partial-text-extracted,.work/extracted/SRC-000394.txt,docs/00-source-notes/src-000394.md
SRC-000395,.docx,converted-redacted,office-open-xml,partial-text-extracted,.work/extracted/SRC-000395.txt,docs/00-source-notes/src-000395.md
SRC-000396,.docx,converted-redacted,office-open-xml,partial-text-extracted,.work/extracted/SRC-000396.txt,docs/00-source-notes/src-000396.md
SRC-000397,.docx,converted-redacted,office-open-xml,partial-text-extracted,.work/extracted/SRC-000397.txt,docs/00-source-notes/src-000397.md
SRC-000398,.docx,converted-redacted,office-open-xml,partial-text-extracted,.work/extracted/SRC-000398.txt,docs/00-source-notes/src-000398.md
SRC-000399,.docx,converted-redacted,office-open-xml,partial-text-extracted,.work/extracted/SRC-000399.txt,docs/00-source-notes/src-000399.md
SRC-000400,.docx,converted-redacted,office-open-xml,partial-text-extracted,.work/extracted/SRC-000400.txt,docs/00-source-notes/src-000400.md
SRC-000401,.docx,converted-redacted,office-open-xml,partial-text-extracted,.work/extracted/SRC-000401.txt,docs/00-source-notes/src-000401.md
SRC-000402,.docx,converted-redacted,office-open-xml,partial-text-extracted,.work/extracted/SRC-000402.txt,docs/00-source-notes/src-000402.md
SRC-000403,.docx,converted-redacted,office-open-xml,partial-text-extracted,.work/extracted/SRC-000403.txt,docs/00-source-notes/src-000403.md
SRC-000404,.docx,converted-redacted,office-open-xml,partial-text-extracted,.work/extracted/SRC-000404.txt,docs/00-source-notes/src-000404.md
SRC-000405,.docx,converted-redacted,office-open-xml,partial-text-extracted,.work/extracted/SRC-000405.txt,docs/00-source-notes/src-000405.md
SRC-000406,.docx,converted-redacted,office-open-xml,partial-text-extracted,.work/extracted/SRC-000406.txt,docs/00-source-notes/src-000406.md
SRC-000407,.docx,converted-redacted,office-open-xml,partial-text-extracted,.work/extracted/SRC-000407.txt,docs/00-source-notes/src-000407.md
SRC-000408,.docx,converted-redacted,office-open-xml,partial-text-extracted,.work/extracted/SRC-000408.txt,docs/00-source-notes/src-000408.md
SRC-000409,.docx,converted-redacted,office-open-xml,partial-text-extracted,.work/extracted/SRC-000409.txt,docs/00-source-notes/src-000409.md
SRC-000410,.docx,converted-redacted,office-open-xml,partial-text-extracted,.work/extracted/SRC-000410.txt,docs/00-source-notes/src-000410.md
SRC-000411,.docx,converted-redacted,office-open-xml,partial-text-extracted,.work/extracted/SRC-000411.txt,docs/00-source-notes/src-000411.md
SRC-000412,.docx,converted-redacted,office-open-xml,partial-text-extracted,.work/extracted/SRC-000412.txt,docs/00-source-notes/src-000412.md
SRC-000413,.xlsx,converted-redacted,office-open-xml,partial-text-extracted,.work/extracted/SRC-000413.txt,docs/00-source-notes/src-000413.md
SRC-000414,.docx,converted-redacted,office-open-xml,partial-text-extracted,.work/extracted/SRC-000414.txt,docs/00-source-notes/src-000414.md
SRC-000415,.mp4,not-convertible,metadata-only,not-applicable,,
SRC-000416,,not-convertible,metadata-only,not-applicable,,
SRC-000417,,not-convertible,metadata-only,not-applicable,,
SRC-000418,.pdf,converted-redacted,pdf-byte-string-metadata,partial-text-extracted,.work/extracted/SRC-000418.txt,docs/00-source-notes/src-000418.md
SRC-000419,.pdf,converted-redacted,pdf-byte-string-metadata,partial-text-extracted,.work/extracted/SRC-000419.txt,docs/00-source-notes/src-000419.md
SRC-000420,,not-convertible,metadata-only,not-applicable,,
SRC-000421,.pdf,converted-redacted,pdf-byte-string-metadata,partial-text-extracted,.work/extracted/SRC-000421.txt,docs/00-source-notes/src-000421.md
SRC-000422,.xlsx,converted-redacted,office-open-xml,partial-text-extracted,.work/extracted/SRC-000422.txt,docs/00-source-notes/src-000422.md
SRC-000423,.xlsx,converted-redacted,office-open-xml,partial-text-extracted,.work/extracted/SRC-000423.txt,docs/00-source-notes/src-000423.md
SRC-000424,.xlsx,converted-redacted,office-open-xml,partial-text-extracted,.work/extracted/SRC-000424.txt,docs/00-source-notes/src-000424.md
SRC-000425,.xlsx,converted-redacted,office-open-xml,partial-text-extracted,.work/extracted/SRC-000425.txt,docs/00-source-notes/src-000425.md
SRC-000426,.pdf,converted-redacted,pdf-byte-string-metadata,partial-text-extracted,.work/extracted/SRC-000426.txt,docs/00-source-notes/src-000426.md
SRC-000427,,not-convertible,metadata-only,not-applicable,,
SRC-000428,.pdf,converted-redacted,pdf-byte-string-metadata,partial-text-extracted,.work/extracted/SRC-000428.txt,docs/00-source-notes/src-000428.md
SRC-000429,.pptx,converted-redacted,office-open-xml,partial-text-extracted,.work/extracted/SRC-000429.txt,docs/00-source-notes/src-000429.md
SRC-000430,,not-convertible,metadata-only,not-applicable,,
SRC-000431,.docx,converted-redacted,office-open-xml,partial-text-extracted,.work/extracted/SRC-000431.txt,docs/00-source-notes/src-000431.md
SRC-000432,,not-convertible,metadata-only,not-applicable,,
SRC-000433,.pdf,converted-redacted,pdf-byte-string-metadata,partial-text-extracted,.work/extracted/SRC-000433.txt,docs/00-source-notes/src-000433.md
SRC-000434,.pdf,converted-redacted,pdf-byte-string-metadata,partial-text-extracted,.work/extracted/SRC-000434.txt,docs/00-source-notes/src-000434.md
SRC-000435,.pptx,converted-redacted,office-open-xml,partial-text-extracted,.work/extracted/SRC-000435.txt,docs/00-source-notes/src-000435.md
SRC-000436,.pdf,converted-redacted,pdf-byte-string-metadata,partial-text-extracted,.work/extracted/SRC-000436.txt,docs/00-source-notes/src-000436.md
SRC-000437,.pdf,converted-redacted,pdf-byte-string-metadata,partial-text-extracted,.work/extracted/SRC-000437.txt,docs/00-source-notes/src-000437.md
SRC-000438,.pdf,converted-redacted,pdf-byte-string-metadata,partial-text-extracted,.work/extracted/SRC-000438.txt,docs/00-source-notes/src-000438.md
SRC-000439,.pdf,converted-redacted,pdf-byte-string-metadata,partial-text-extracted,.work/extracted/SRC-000439.txt,docs/00-source-notes/src-000439.md
SRC-000440,,not-convertible,metadata-only,not-applicable,,
SRC-000441,.xls,metadata-only,office-xml-failed:BadZipFile,no-text-extracted,.work/extracted/SRC-000441.txt,docs/00-source-notes/src-000441.md
SRC-000442,.docx,converted-redacted,office-open-xml,partial-text-extracted,.work/extracted/SRC-000442.txt,docs/00-source-notes/src-000442.md
SRC-000443,.pptx,converted-redacted,office-open-xml,partial-text-extracted,.work/extracted/SRC-000443.txt,docs/00-source-notes/src-000443.md
SRC-000444,.pptx,converted-redacted,office-open-xml,partial-text-extracted,.work/extracted/SRC-000444.txt,docs/00-source-notes/src-000444.md
SRC-000445,.pptx,converted-redacted,office-open-xml,partial-text-extracted,.work/extracted/SRC-000445.txt,docs/00-source-notes/src-000445.md
SRC-000446,.pdf,converted-redacted,pdf-byte-string-metadata,partial-text-extracted,.work/extracted/SRC-000446.txt,docs/00-source-notes/src-000446.md
SRC-000447,.pdf,converted-redacted,pdf-byte-string-metadata,partial-text-extracted,.work/extracted/SRC-000447.txt,docs/00-source-notes/src-000447.md
SRC-000448,.pdf,converted-redacted,pdf-byte-string-metadata,partial-text-extracted,.work/extracted/SRC-000448.txt,docs/00-source-notes/src-000448.md
SRC-000449,.pdf,converted-redacted,pdf-byte-string-metadata,partial-text-extracted,.work/extracted/SRC-000449.txt,docs/00-source-notes/src-000449.md
SRC-000450,.pdf,converted-redacted,pdf-byte-string-metadata,partial-text-extracted,.work/extracted/SRC-000450.txt,docs/00-source-notes/src-000450.md
SRC-000451,.pdf,converted-redacted,pdf-byte-string-metadata,partial-text-extracted,.work/extracted/SRC-000451.txt,docs/00-source-notes/src-000451.md
SRC-000452,.pptx,converted-redacted,office-open-xml,partial-text-extracted,.work/extracted/SRC-000452.txt,docs/00-source-notes/src-000452.md
SRC-000453,.pptx,converted-redacted,office-open-xml,partial-text-extracted,.work/extracted/SRC-000453.txt,docs/00-source-notes/src-000453.md
SRC-000454,.pdf,converted-redacted,pdf-byte-string-metadata,partial-text-extracted,.work/extracted/SRC-000454.txt,docs/00-source-notes/src-000454.md
SRC-000455,.pptx,converted-redacted,office-open-xml,partial-text-extracted,.work/extracted/SRC-000455.txt,docs/00-source-notes/src-000455.md
SRC-000456,.pdf,converted-redacted,pdf-byte-string-metadata,partial-text-extracted,.work/extracted/SRC-000456.txt,docs/00-source-notes/src-000456.md
SRC-000457,,not-convertible,metadata-only,not-applicable,,
SRC-000458,.pdf,converted-redacted,pdf-byte-string-metadata,partial-text-extracted,.work/extracted/SRC-000458.txt,docs/00-source-notes/src-000458.md
SRC-000459,.pdf,converted-redacted,pdf-byte-string-metadata,partial-text-extracted,.work/extracted/SRC-000459.txt,docs/00-source-notes/src-000459.md
SRC-000460,.pdf,converted-redacted,pdf-byte-string-metadata,partial-text-extracted,.work/extracted/SRC-000460.txt,docs/00-source-notes/src-000460.md
SRC-000461,.pdf,converted-redacted,pdf-byte-string-metadata,partial-text-extracted,.work/extracted/SRC-000461.txt,docs/00-source-notes/src-000461.md
SRC-000462,.pdf,converted-redacted,pdf-byte-string-metadata,partial-text-extracted,.work/extracted/SRC-000462.txt,docs/00-source-notes/src-000462.md
SRC-000463,.pdf,converted-redacted,pdf-byte-string-metadata,partial-text-extracted,.work/extracted/SRC-000463.txt,docs/00-source-notes/src-000463.md
SRC-000464,.pptx,converted-redacted,office-open-xml,partial-text-extracted,.work/extracted/SRC-000464.txt,docs/00-source-notes/src-000464.md
SRC-000465,.pptx,converted-redacted,office-open-xml,partial-text-extracted,.work/extracted/SRC-000465.txt,docs/00-source-notes/src-000465.md
SRC-000466,.pptx,converted-redacted,office-open-xml,partial-text-extracted,.work/extracted/SRC-000466.txt,docs/00-source-notes/src-000466.md
SRC-000467,.pdf,converted-redacted,pdf-byte-string-metadata,partial-text-extracted,.work/extracted/SRC-000467.txt,docs/00-source-notes/src-000467.md
SRC-000468,.pdf,converted-redacted,pdf-byte-string-metadata,partial-text-extracted,.work/extracted/SRC-000468.txt,docs/00-source-notes/src-000468.md
SRC-000469,,not-convertible,metadata-only,not-applicable,,
SRC-000470,.pdf,converted-redacted,pdf-byte-string-metadata,partial-text-extracted,.work/extracted/SRC-000470.txt,docs/00-source-notes/src-000470.md
SRC-000471,.pdf,converted-redacted,pdf-byte-string-metadata,partial-text-extracted,.work/extracted/SRC-000471.txt,docs/00-source-notes/src-000471.md
SRC-000472,.pdf,converted-redacted,pdf-byte-string-metadata,partial-text-extracted,.work/extracted/SRC-000472.txt,docs/00-source-notes/src-000472.md
SRC-000473,.pdf,converted-redacted,pdf-byte-string-metadata,partial-text-extracted,.work/extracted/SRC-000473.txt,docs/00-source-notes/src-000473.md
SRC-000474,.pdf,converted-redacted,pdf-byte-string-metadata,partial-text-extracted,.work/extracted/SRC-000474.txt,docs/00-source-notes/src-000474.md
SRC-000475,.pptx,converted-redacted,office-open-xml,partial-text-extracted,.work/extracted/SRC-000475.txt,docs/00-source-notes/src-000475.md
SRC-000476,.pptx,converted-redacted,office-open-xml,partial-text-extracted,.work/extracted/SRC-000476.txt,docs/00-source-notes/src-000476.md
SRC-000477,.pdf,converted-redacted,pdf-byte-string-metadata,partial-text-extracted,.work/extracted/SRC-000477.txt,docs/00-source-notes/src-000477.md
SRC-000478,.pdf,converted-redacted,pdf-byte-string-metadata,partial-text-extracted,.work/extracted/SRC-000478.txt,docs/00-source-notes/src-000478.md
SRC-000479,,not-convertible,metadata-only,not-applicable,,
SRC-000480,.pdf,converted-redacted,pdf-byte-string-metadata,partial-text-extracted,.work/extracted/SRC-000480.txt,docs/00-source-notes/src-000480.md
SRC-000481,.pdf,converted-redacted,pdf-byte-string-metadata,partial-text-extracted,.work/extracted/SRC-000481.txt,docs/00-source-notes/src-000481.md
SRC-000482,.pdf,converted-redacted,pdf-byte-string-metadata,partial-text-extracted,.work/extracted/SRC-000482.txt,docs/00-source-notes/src-000482.md
SRC-000483,.pdf,converted-redacted,pdf-byte-string-metadata,partial-text-extracted,.work/extracted/SRC-000483.txt,docs/00-source-notes/src-000483.md
SRC-000484,.pdf,converted-redacted,pdf-byte-string-metadata,partial-text-extracted,.work/extracted/SRC-000484.txt,docs/00-source-notes/src-000484.md
SRC-000485,.pdf,converted-redacted,pdf-byte-string-metadata,partial-text-extracted,.work/extracted/SRC-000485.txt,docs/00-source-notes/src-000485.md
SRC-000486,.pptx,converted-redacted,office-open-xml,partial-text-extracted,.work/extracted/SRC-000486.txt,docs/00-source-notes/src-000486.md
SRC-000487,.pptx,converted-redacted,office-open-xml,partial-text-extracted,.work/extracted/SRC-000487.txt,docs/00-source-notes/src-000487.md
SRC-000488,.pdf,converted-redacted,pdf-byte-string-metadata,partial-text-extracted,.work/extracted/SRC-000488.txt,docs/00-source-notes/src-000488.md
SRC-000489,.pdf,converted-redacted,pdf-byte-string-metadata,partial-text-extracted,.work/extracted/SRC-000489.txt,docs/00-source-notes/src-000489.md
SRC-000490,.pdf,converted-redacted,pdf-byte-string-metadata,partial-text-extracted,.work/extracted/SRC-000490.txt,docs/00-source-notes/src-000490.md
SRC-000491,.pdf,converted-redacted,pdf-byte-string-metadata,partial-text-extracted,.work/extracted/SRC-000491.txt,docs/00-source-notes/src-000491.md
SRC-000492,.pdf,converted-redacted,pdf-byte-string-metadata,partial-text-extracted,.work/extracted/SRC-000492.txt,docs/00-source-notes/src-000492.md
SRC-000493,.pptx,converted-redacted,office-open-xml,partial-text-extracted,.work/extracted/SRC-000493.txt,docs/00-source-notes/src-000493.md
SRC-000494,,not-convertible,metadata-only,not-applicable,,
SRC-000495,.pdf,converted-redacted,pdf-byte-string-metadata,partial-text-extracted,.work/extracted/SRC-000495.txt,docs/00-source-notes/src-000495.md
SRC-000496,.pdf,converted-redacted,pdf-byte-string-metadata,partial-text-extracted,.work/extracted/SRC-000496.txt,docs/00-source-notes/src-000496.md
SRC-000497,.pdf,converted-redacted,pdf-byte-string-metadata,partial-text-extracted,.work/extracted/SRC-000497.txt,docs/00-source-notes/src-000497.md
SRC-000498,.pdf,converted-redacted,pdf-byte-string-metadata,partial-text-extracted,.work/extracted/SRC-000498.txt,docs/00-source-notes/src-000498.md
SRC-000499,.pdf,converted-redacted,pdf-byte-string-metadata,partial-text-extracted,.work/extracted/SRC-000499.txt,docs/00-source-notes/src-000499.md
SRC-000500,.pptx,converted-redacted,office-open-xml,partial-text-extracted,.work/extracted/SRC-000500.txt,docs/00-source-notes/src-000500.md
SRC-000501,,not-convertible,metadata-only,not-applicable,,
SRC-000502,.pdf,converted-redacted,pdf-byte-string-metadata,partial-text-extracted,.work/extracted/SRC-000502.txt,docs/00-source-notes/src-000502.md
SRC-000503,.pdf,converted-redacted,pdf-byte-string-metadata,partial-text-extracted,.work/extracted/SRC-000503.txt,docs/00-source-notes/src-000503.md
SRC-000504,.pdf,converted-redacted,pdf-byte-string-metadata,partial-text-extracted,.work/extracted/SRC-000504.txt,docs/00-source-notes/src-000504.md
SRC-000505,.docx,converted-redacted,office-open-xml,partial-text-extracted,.work/extracted/SRC-000505.txt,docs/00-source-notes/src-000505.md
SRC-000506,.docx,converted-redacted,office-open-xml,partial-text-extracted,.work/extracted/SRC-000506.txt,docs/00-source-notes/src-000506.md
SRC-000507,.docx,converted-redacted,office-open-xml,partial-text-extracted,.work/extracted/SRC-000507.txt,docs/00-source-notes/src-000507.md
SRC-000508,.docx,skipped-temporary-file,metadata-only,not-applicable,,docs/00-source-notes/src-000508.md
SRC-000509,,not-convertible,metadata-only,not-applicable,,
SRC-000510,.pdf,converted-redacted,pdf-byte-string-metadata,partial-text-extracted,.work/extracted/SRC-000510.txt,docs/00-source-notes/src-000510.md
SRC-000511,.pdf,converted-redacted,pdf-byte-string-metadata,partial-text-extracted,.work/extracted/SRC-000511.txt,docs/00-source-notes/src-000511.md
SRC-000512,.pdf,converted-redacted,pdf-byte-string-metadata,partial-text-extracted,.work/extracted/SRC-000512.txt,docs/00-source-notes/src-000512.md
SRC-000513,.pdf,converted-redacted,pdf-byte-string-metadata,partial-text-extracted,.work/extracted/SRC-000513.txt,docs/00-source-notes/src-000513.md
SRC-000514,.pdf,converted-redacted,pdf-byte-string-metadata,partial-text-extracted,.work/extracted/SRC-000514.txt,docs/00-source-notes/src-000514.md
SRC-000515,.pptx,converted-redacted,office-open-xml,partial-text-extracted,.work/extracted/SRC-000515.txt,docs/00-source-notes/src-000515.md
SRC-000516,,not-convertible,metadata-only,not-applicable,,
SRC-000517,.pdf,converted-redacted,pdf-byte-string-metadata,partial-text-extracted,.work/extracted/SRC-000517.txt,docs/00-source-notes/src-000517.md
SRC-000518,.pdf,converted-redacted,pdf-byte-string-metadata,partial-text-extracted,.work/extracted/SRC-000518.txt,docs/00-source-notes/src-000518.md
SRC-000519,.pdf,converted-redacted,pdf-byte-string-metadata,partial-text-extracted,.work/extracted/SRC-000519.txt,docs/00-source-notes/src-000519.md
SRC-000520,.pdf,converted-redacted,pdf-byte-string-metadata,partial-text-extracted,.work/extracted/SRC-000520.txt,docs/00-source-notes/src-000520.md
SRC-000521,.pdf,converted-redacted,pdf-byte-string-metadata,partial-text-extracted,.work/extracted/SRC-000521.txt,docs/00-source-notes/src-000521.md
SRC-000522,.pptx,converted-redacted,office-open-xml,partial-text-extracted,.work/extracted/SRC-000522.txt,docs/00-source-notes/src-000522.md
SRC-000523,.pdf,converted-redacted,pdf-byte-string-metadata,partial-text-extracted,.work/extracted/SRC-000523.txt,docs/00-source-notes/src-000523.md
SRC-000524,.pdf,converted-redacted,pdf-byte-string-metadata,partial-text-extracted,.work/extracted/SRC-000524.txt,docs/00-source-notes/src-000524.md
SRC-000525,.pdf,converted-redacted,pdf-byte-string-metadata,partial-text-extracted,.work/extracted/SRC-000525.txt,docs/00-source-notes/src-000525.md
SRC-000526,.pdf,converted-redacted,pdf-byte-string-metadata,partial-text-extracted,.work/extracted/SRC-000526.txt,docs/00-source-notes/src-000526.md
SRC-000527,.pdf,converted-redacted,pdf-byte-string-metadata,partial-text-extracted,.work/extracted/SRC-000527.txt,docs/00-source-notes/src-000527.md
SRC-000528,.pdf,converted-redacted,pdf-byte-string-metadata,partial-text-extracted,.work/extracted/SRC-000528.txt,docs/00-source-notes/src-000528.md
SRC-000529,.pdf,converted-redacted,pdf-byte-string-metadata,partial-text-extracted,.work/extracted/SRC-000529.txt,docs/00-source-notes/src-000529.md
SRC-000530,,not-convertible,metadata-only,not-applicable,,
SRC-000531,.pdf,converted-redacted,pdf-byte-string-metadata,partial-text-extracted,.work/extracted/SRC-000531.txt,docs/00-source-notes/src-000531.md
SRC-000532,.pdf,converted-redacted,pdf-byte-string-metadata,partial-text-extracted,.work/extracted/SRC-000532.txt,docs/00-source-notes/src-000532.md
SRC-000533,.pdf,converted-redacted,pdf-byte-string-metadata,partial-text-extracted,.work/extracted/SRC-000533.txt,docs/00-source-notes/src-000533.md
SRC-000534,.pptx,converted-redacted,office-open-xml,partial-text-extracted,.work/extracted/SRC-000534.txt,docs/00-source-notes/src-000534.md
SRC-000535,.pdf,converted-redacted,pdf-byte-string-metadata,partial-text-extracted,.work/extracted/SRC-000535.txt,docs/00-source-notes/src-000535.md
SRC-000536,.pptx,converted-redacted,office-open-xml,partial-text-extracted,.work/extracted/SRC-000536.txt,docs/00-source-notes/src-000536.md
SRC-000537,,not-convertible,metadata-only,not-applicable,,
SRC-000538,.pdf,converted-redacted,pdf-byte-string-metadata,partial-text-extracted,.work/extracted/SRC-000538.txt,docs/00-source-notes/src-000538.md
SRC-000539,.pdf,converted-redacted,pdf-byte-string-metadata,partial-text-extracted,.work/extracted/SRC-000539.txt,docs/00-source-notes/src-000539.md
SRC-000540,.pdf,converted-redacted,pdf-byte-string-metadata,partial-text-extracted,.work/extracted/SRC-000540.txt,docs/00-source-notes/src-000540.md
SRC-000541,.pdf,converted-redacted,pdf-byte-string-metadata,partial-text-extracted,.work/extracted/SRC-000541.txt,docs/00-source-notes/src-000541.md
SRC-000542,.pdf,converted-redacted,pdf-byte-string-metadata,partial-text-extracted,.work/extracted/SRC-000542.txt,docs/00-source-notes/src-000542.md
SRC-000543,.docx,converted-redacted,office-open-xml,partial-text-extracted,.work/extracted/SRC-000543.txt,docs/00-source-notes/src-000543.md
SRC-000544,.xlsx,converted-redacted,office-open-xml,partial-text-extracted,.work/extracted/SRC-000544.txt,docs/00-source-notes/src-000544.md
SRC-000545,.xlsx,converted-redacted,office-open-xml,partial-text-extracted,.work/extracted/SRC-000545.txt,docs/00-source-notes/src-000545.md
SRC-000546,.docx,converted-redacted,office-open-xml,partial-text-extracted,.work/extracted/SRC-000546.txt,docs/00-source-notes/src-000546.md
SRC-000547,.pptx,converted-redacted,office-open-xml,partial-text-extracted,.work/extracted/SRC-000547.txt,docs/00-source-notes/src-000547.md
SRC-000548,.pdf,converted-redacted,pdf-byte-string-metadata,partial-text-extracted,.work/extracted/SRC-000548.txt,docs/00-source-notes/src-000548.md
SRC-000549,.m4a,not-convertible,metadata-only,not-applicable,,
SRC-000550,.pptx,skipped-temporary-file,metadata-only,not-applicable,,docs/00-source-notes/src-000550.md
SRC-000551,.pptx,skipped-temporary-file,metadata-only,not-applicable,,docs/00-source-notes/src-000551.md
SRC-000552,.xlsx,converted-redacted,office-open-xml,partial-text-extracted,.work/extracted/SRC-000552.txt,docs/00-source-notes/src-000552.md
SRC-000553,.docx,converted-redacted,office-open-xml,partial-text-extracted,.work/extracted/SRC-000553.txt,docs/00-source-notes/src-000553.md
SRC-000554,.xlsx,converted-redacted,office-open-xml,partial-text-extracted,.work/extracted/SRC-000554.txt,docs/00-source-notes/src-000554.md
SRC-000555,.xlsx,converted-redacted,office-open-xml,partial-text-extracted,.work/extracted/SRC-000555.txt,docs/00-source-notes/src-000555.md
